title,description
Netanyahu rejects ‘with disgust’ comparison between Israel and Hamas by ICC prosecutor,description available
"Amid protests, Punjab Assembly passes defamation law",description available
"Imran, others acquitted in ‘Azadi March’ violence cases",description available
Funerary procession to be held for late Iran president Raisi in Tabriz,description available
"RSS steps in as Modi’s BJP faces resistance, fatigue in election",description available
"Two killed, four injured in Islamabad as car runs over protesters in their sleep",description available
Over 500 more students repatriated from Bishkek,description available
Water ‘most dear’ as heatwave sets in from today,description available
"Military trials of civilians ‘no-no’ in international law, says Amnesty International chief",description available
Govt seeks to extract Rs29bn more from electricity consumers for April,description available
"Exclusive: Amnesty International Sec-Gen Criticises US, Russia For Disregard Of International Law",description available
Where Is Poet Ahmad Farhad?,description available
Top Stories: Netanyahu Arrest,description available
| Dawn News English,description available
Who Was Ebrahim Raisi?,description available
Top Stories: Iran President Ebrahim Raisi’s Helicopter ‘Crashes Upon Landing’,description available
| Dawn News English,description available
Should US Reassess Its Middle East Policy?,description available
"Trial and punishment: What do arrest warrants at the ICC mean for Israel, Hamas",description available
Editorial: Iran’s new leader will have to confront economic woes and political polarisation internally,description available
Suppose Modi took a DNA test,description available
One waits with bated breath for this FDI dream to give way to something else,description available
"‘Esteemed statesmen’: World mourns loss of Iran president, FM in ‘tragic’ air crash",description available
Lai Ching-te: from coal miner’s son to Taiwan president,description available
"Who is Mohammad Mokhber, the man set to become Iran’s interim president?",description available
Are inflation and brand boycotts changing your shopping habits? Take our survey now!,description available
Editorial: Probe committee on wheat import appears to be an attempt to sweep the issue under the carpet,description available
"Offshore properties, taxes and laws: 5 questions you may have following the Dubai leaks",description available
Looking for the perfect locally-made scented candle? Here are our top 10 picks!,description available
vivo V30e 5G launched in Pakistan with sleek design and advanced imaging capabilities,description available
Upheaval in Fruit Park (Part 1),description available
Servis Tyres commits to further Rs30bn investment to boost exports in Pakistan,description available
FIFA’s foul on Pakistan football,description available
PM Shehbaz announces day of mourning on Tuesday for Iranian helicopter crash victims,description available
What happens if an Iranian president dies in office?,description available
Iran President Ebrahim Raisi’s helicopter ‘crashes upon landing’ in Varzaqan region: state media,description available
No plans to scrap solar net metering policy: energy minister,description available
Over 300 return as govt downplays Kyrgyz unrest,description available
Budgeting without people,description available
Suppose Modi took a DNA test,description available
Climate resilience,description available
Law that rules,description available
Beyond the economic crisis,description available
Iranian tragedy,description available
Circular debt woes,description available
Reproductive health,description available
No title available,description available
Mainstream Pakistan,description available
Good governance,description available
How not to win a Pulitzer,description available
Forego the FOGO,description available
Elevating pedagogy,description available
Saga of reserved seats,description available
Independent directors for Discos approved,description available
Govt seeks to extract Rs29bn more from electricity consumers for April,description available
"Pakistan, Turkiye vow to hike trade to $5bn",description available
Banks invest record Rs7.6tr in risk-free govt papers,description available
KE allowed to add more power through renewables,description available
Gold hits record high as Iran shock triggers haven support,description available
Imad looking forward to improved show against England,description available
PSB vows to fix Jinnah Stadium floodlights for Pakistan’s World Cup qualifier against Saudi Arabia,description available
"No reason to sanction Israel, Games should promote peace, says head of International Paralympic Committee",description available
"Pakistan Basketball Federation suspends, fines officials and players for misconduct",description available
Wyatt steers England women to T20 series sweep over Pakistan,description available
Verstappen holds off charging Norris to victory at Imola,description available
Funerary procession to be held for late Iran president Raisi in Tabriz,description available
"RSS steps in as Modi’s BJP faces resistance, fatigue in election",description available
"Pakistan, Turkiye vow to hike trade to $5bn",description available
Cohen acknowledges stealing from Trump at hush money trial,description available
Key seats locked in Indian polls,description available
Over 500 more students repatriated from Bishkek,description available
Looking for the perfect locally-made scented candle? Here are our top 10 picks!,description available
Renowned Brahvi poet Mir Ulfat passes away,description available
‘Abusers never take responsibility’: P Diddy slammed online for apology after footage of him beating Cassie emerges,description available
"Trial and punishment: What do arrest warrants at the ICC mean for Israel, Hamas",description available
Can Pakistan’s judiciary be truly independent?,description available
Planting hope — an artist’s upside-down solution to Karachi’s air pollution,description available
Committee formed to forge consensus on establishing Digital Media Authority,description available
Pakistan to unveil indigenous biometric solutions in Cape Town,description available
Punjab CM Maryam lays foundation of IT City,description available
WHY THE STUDENT PROTESTS MATTER,description available
ECHOES OF ANOTHER STUDENT MOVEMENT,description available
CLIMATE CHANGE: THE CLIMATE MIGRANTS,description available
LIVE WIRE; A HIT AND MISSES AFFAIR,description available
THE GRAPEVINE,description available
PRIME TIME: THE DEATH OF REALITY TV?,description available
Enhancing wheat storage,description available
From downloads to dollars,description available
Trump’s deal — rebirth of the fossil fuel industry,description available
Surviving post-exam anxiety,description available
Mailbox,description available
Story time: Overcoming one’s fears,description available
Take a new look at Pakistan’s agriculture,description available
Are inflation and brand boycotts changing your shopping habits? Take our survey now!,description available
Navigating the minefield of Gen Z,description available
Nation facilitates int’l travel as demand rises,description available
NCPA International Opera Film Exhibition unveils dazzling lineup,description available
Politics over pragmatism,description available
Nation facilitates int’l travel as demand rises,description available
NCPA International Opera Film Exhibition unveils dazzling lineup,description available
Politics over pragmatism,description available
What ICC arrest warrants mean for Israel and Hamas,israeli hamas leader suspected committing war crime continuing war gaza .
